"intensidad2","puntaje2"
86.5,76
88.6,94
92.5,89
86.5134802991019,76
86.468500729298,76
86.5434329913826,76
86.5863597758558,76
88.6012093820884,94
88.6184012588496,94
88.5345397850896,94
88.6369310965356,94
92.5022436493688,89
92.4475801399939,89
92.5863925545223,89
92.4410700130489,89
